country,exhibition_title,exhibition_url,slug_hint,publication_status
Argentina,"Buenos Aires, 1992-1994-1996",https://www.miracolieucaristici.org/en/liste/scheda_c.html?nat=argentina&wh=buenosaires,buenosaires,inventory only - not a finding of Church recognition; corroboration pending
Austria,"Fiecht, 1310",https://www.miracolieucaristici.org/en/liste/scheda.html?nat=austria&wh=fiecht,fiecht,inventory only - not a finding of Church recognition; corroboration pending
Austria,"Seefeld, 1384",https://www.miracolieucaristici.org/en/liste/scheda.html?nat=austria&wh=seefeld,seefeld,inventory only - not a finding of Church recognition; corroboration pending
Austria,"Weiten-Raxendorf, 1411",https://www.miracolieucaristici.org/en/liste/scheda.html?nat=austria&wh=weiten-raxendorf,weiten-raxendorf,inventory only - not a finding of Church recognition; corroboration pending
Belgium,"Bois-Seigneur-Isaac, 1405",https://www.miracolieucaristici.org/en/liste/scheda.html?nat=belgio&wh=boisseigneurisaac,boisseigneurisaac,inventory only - not a finding of Church recognition; corroboration pending
Belgium,"Bruges, 1203",https://www.miracolieucaristici.org/en/liste/scheda.html?nat=belgio&wh=bruges,bruges,inventory only - not a finding of Church recognition; corroboration pending
Belgium,"Brussels, 1370",https://www.miracolieucaristici.org/en/liste/scheda.html?nat=belgio&wh=bruxelles,bruxelles,inventory only - not a finding of Church recognition; corroboration pending
Belgium,"Herentals, 1412",https://www.miracolieucaristici.org/en/liste/scheda.html?nat=belgio&wh=herentals,herentals,inventory only - not a finding of Church recognition; corroboration pending
Belgium,"Herkenrode-Hasselt, 1317",https://www.miracolieucaristici.org/en/liste/scheda.html?nat=belgio&wh=herkenrode,herkenrode,inventory only - not a finding of Church recognition; corroboration pending
Belgium,"Liège, 1374",https://www.miracolieucaristici.org/en/liste/scheda.html?nat=belgio&wh=liege,liege,inventory only - not a finding of Church recognition; corroboration pending
Belgium,"Middleburg-Lovanio, 1374",https://www.miracolieucaristici.org/en/liste/scheda.html?nat=belgio&wh=middleburg,middleburg,inventory only - not a finding of Church recognition; corroboration pending
Colombia,"Tumaco, 1906",https://www.miracolieucaristici.org/en/liste/scheda.html?nat=colombia&wh=tumaco,tumaco,inventory only - not a finding of Church recognition; corroboration pending
Croatia,"Ludbreg, 1411",https://www.miracolieucaristici.org/en/liste/scheda_b.html?nat=croazia&wh=ludbreg,ludbreg,inventory only - not a finding of Church recognition; corroboration pending
Egypt,"St. Mary of Egypt, IV-V cent.",https://www.miracolieucaristici.org/en/liste/scheda.html?nat=egitto&wh=s_maria_egiziaca,s_maria_egiziaca,inventory only - not a finding of Church recognition; corroboration pending
Egypt,"Scete, III-V cent.",https://www.miracolieucaristici.org/en/liste/scheda.html?nat=egitto&wh=scete,scete,inventory only - not a finding of Church recognition; corroboration pending
France,"Avignon, 1433",https://www.miracolieucaristici.org/en/liste/scheda_b.html?nat=francia&wh=avignone,avignone,inventory only - not a finding of Church recognition; corroboration pending
France,"Blanot, 1331",https://www.miracolieucaristici.org/en/liste/scheda.html?nat=francia&wh=blanot,blanot,inventory only - not a finding of Church recognition; corroboration pending
France,"Bordeaux, 1822",https://www.miracolieucaristici.org/en/liste/scheda.html?nat=francia&wh=bordeaux,bordeaux,inventory only - not a finding of Church recognition; corroboration pending
France,"Dijon, 1430",https://www.miracolieucaristici.org/en/liste/scheda.html?nat=francia&wh=digione,digione,inventory only - not a finding of Church recognition; corroboration pending
France,"Douai, 1254",https://www.miracolieucaristici.org/en/liste/scheda.html?nat=francia&wh=douai,douai,inventory only - not a finding of Church recognition; corroboration pending
France,"Faverney, 1608",https://www.miracolieucaristici.org/en/liste/scheda.html?nat=francia&wh=faverney,faverney,inventory only - not a finding of Church recognition; corroboration pending
France,"La Rochelle, 1461",https://www.miracolieucaristici.org/en/liste/scheda.html?nat=francia&wh=la_rochelle,la_rochelle,inventory only - not a finding of Church recognition; corroboration pending
France,"Neuvy Saint Sepulcre, 1257",https://www.miracolieucaristici.org/en/liste/scheda.html?nat=francia&wh=la_rochelle,la_rochelle,inventory only - not a finding of Church recognition; corroboration pending
France,"Les Ulmes, 1668",https://www.miracolieucaristici.org/en/liste/scheda.html?nat=francia&wh=les_ulmes,les_ulmes,inventory only - not a finding of Church recognition; corroboration pending
France,"Marseille-En-Beauvais, 1533",https://www.miracolieucaristici.org/en/liste/scheda.html?nat=francia&wh=marseille-en-beauvais,marseille-en-beauvais,inventory only - not a finding of Church recognition; corroboration pending
France,"Paris, 1290",https://www.miracolieucaristici.org/en/liste/scheda_b.html?nat=francia&wh=parigi,parigi,inventory only - not a finding of Church recognition; corroboration pending
France,"Pressac, 1643",https://www.miracolieucaristici.org/en/liste/scheda.html?nat=francia&wh=pressac,pressac,inventory only - not a finding of Church recognition; corroboration pending
Germany,"Augsburg, 1194",https://www.miracolieucaristici.org/en/liste/scheda_b.html?nat=germania&wh=augsburg,augsburg,inventory only - not a finding of Church recognition; corroboration pending
Germany,"Benningen, 1216",https://www.miracolieucaristici.org/en/liste/scheda_b.html?nat=germania&wh=benningen,benningen,inventory only - not a finding of Church recognition; corroboration pending
Germany,"Bettbrunn, 1125",https://www.miracolieucaristici.org/en/liste/scheda_b.html?nat=germania&wh=bettbrunn,bettbrunn,inventory only - not a finding of Church recognition; corroboration pending
Germany,"Erding, 1417",https://www.miracolieucaristici.org/en/liste/scheda_b.html?nat=germania&wh=erding,erding,inventory only - not a finding of Church recognition; corroboration pending
Germany,"Kranenburg, 1280",https://www.miracolieucaristici.org/en/liste/scheda_b.html?nat=germania&wh=kranenburg_bei_kleve,kranenburg_bei_kleve,inventory only - not a finding of Church recognition; corroboration pending
Germany,"Regensburg, 1255",https://www.miracolieucaristici.org/en/liste/scheda_b.html?nat=germania&wh=regensburg,regensburg,inventory only - not a finding of Church recognition; corroboration pending
Germany,"Walldürn, 1330",https://www.miracolieucaristici.org/en/liste/scheda_b.html?nat=germania&wh=walldurn,walldurn,inventory only - not a finding of Church recognition; corroboration pending
Germany,Weingarten,https://www.miracolieucaristici.org/en/liste/scheda_b.html?nat=germania&wh=weingarten,weingarten,inventory only - not a finding of Church recognition; corroboration pending
Germany,"Wilsnack, 1383",https://www.miracolieucaristici.org/en/liste/scheda.html?nat=germania&wh=wilsnack,wilsnack,inventory only - not a finding of Church recognition; corroboration pending
India,"Chirattakonam, 2001",https://www.miracolieucaristici.org/en/liste/scheda.html?nat=india&wh=chirattakonam,chirattakonam,inventory only - not a finding of Church recognition; corroboration pending
Martinique,"Morne-Rouge, 1902",https://www.miracolieucaristici.org/en/liste/scheda.html?nat=isole_della_martinica&wh=morne-rouge,morne-rouge,inventory only - not a finding of Church recognition; corroboration pending
Reunion Islands,"Saint-André de la Réunion, 1902",https://www.miracolieucaristici.org/en/liste/scheda.html?nat=isole_della_reunion&wh=saint-andre_de_la_reunion,saint-andre_de_la_reunion,inventory only - not a finding of Church recognition; corroboration pending
Italy,"Alatri, 1228",https://www.miracolieucaristici.org/en/liste/scheda.html?nat=italia&wh=alatri,alatri,inventory only - not a finding of Church recognition; corroboration pending
Italy,"Saint Clare of Assisi, 1240",https://www.miracolieucaristici.org/en/liste/scheda.html?nat=italia&wh=santachiaradassisi,santachiaradassisi,inventory only - not a finding of Church recognition; corroboration pending
Italy,"Asti, 1535",https://www.miracolieucaristici.org/en/liste/scheda_b.html?nat=italia&wh=asti,asti,inventory only - not a finding of Church recognition; corroboration pending
Italy,"Bagno di Romagna, 1412",https://www.miracolieucaristici.org/en/liste/scheda.html?nat=italia&wh=bagnodiromagna,bagnodiromagna,inventory only - not a finding of Church recognition; corroboration pending
Italy,"Bolsena, 1264",https://www.miracolieucaristici.org/en/liste/scheda_b.html?nat=italia&wh=bolsena,bolsena,inventory only - not a finding of Church recognition; corroboration pending
Italy,"Canosio, 1630",https://www.miracolieucaristici.org/en/liste/scheda.html?nat=italia&wh=canosio,canosio,inventory only - not a finding of Church recognition; corroboration pending
Italy,"Cascia, 1330",https://www.miracolieucaristici.org/en/liste/scheda.html?nat=italia&wh=cascia,cascia,inventory only - not a finding of Church recognition; corroboration pending
Italy,"Cava dei Tirreni, 1656",https://www.miracolieucaristici.org/en/liste/scheda.html?nat=italia&wh=cavadeitirreni,cavadeitirreni,inventory only - not a finding of Church recognition; corroboration pending
Italy,"Dronero, 1631",https://www.miracolieucaristici.org/en/liste/scheda.html?nat=italia&wh=dronero,dronero,inventory only - not a finding of Church recognition; corroboration pending
Italy,"San Mauro La Bruca, 1969",https://www.miracolieucaristici.org/en/liste/scheda.html?nat=italia&wh=dronero,dronero,inventory only - not a finding of Church recognition; corroboration pending
Italy,"Ferrara, 1171",https://www.miracolieucaristici.org/en/liste/scheda.html?nat=italia&wh=ferrara,ferrara,inventory only - not a finding of Church recognition; corroboration pending
Italy,"Florence, 1230-1595",https://www.miracolieucaristici.org/en/liste/scheda_b.html?nat=italia&wh=firenze,firenze,inventory only - not a finding of Church recognition; corroboration pending
Italy,"Gruaro (Valvasone), 1294",https://www.miracolieucaristici.org/en/liste/scheda.html?nat=italia&wh=gruaro,gruaro,inventory only - not a finding of Church recognition; corroboration pending
Italy,"Lanciano, 750 D.C.",https://www.miracolieucaristici.org/en/liste/scheda_b.html?nat=italia&wh=lanciano,lanciano,inventory only - not a finding of Church recognition; corroboration pending
Italy,"Macerata, 1356",https://www.miracolieucaristici.org/en/liste/scheda.html?nat=italia&wh=macerata,macerata,inventory only - not a finding of Church recognition; corroboration pending
Italy,"Mogoro, 1604",https://www.miracolieucaristici.org/en/liste/scheda.html?nat=italia&wh=mogoro,mogoro,inventory only - not a finding of Church recognition; corroboration pending
Italy,"Morrovalle, 1560",https://www.miracolieucaristici.org/en/liste/scheda.html?nat=italia&wh=morrovalle,morrovalle,inventory only - not a finding of Church recognition; corroboration pending
Italy,"Offida, 1273-1280",https://www.miracolieucaristici.org/en/liste/scheda.html?nat=italia&wh=offida,offida,inventory only - not a finding of Church recognition; corroboration pending
Italy,"Patierno (Naples), 1772",https://www.miracolieucaristici.org/en/liste/scheda.html?nat=italia&wh=patierno,patierno,inventory only - not a finding of Church recognition; corroboration pending
Italy,"Rimini, 1227",https://www.miracolieucaristici.org/en/liste/scheda.html?nat=italia&wh=rimini,rimini,inventory only - not a finding of Church recognition; corroboration pending
Italy,"Rome, VI-VII cent.",https://www.miracolieucaristici.org/en/liste/scheda_b.html?nat=italia&wh=romaa,romaa,inventory only - not a finding of Church recognition; corroboration pending
Italy,"Rome, 1610",https://www.miracolieucaristici.org/en/liste/scheda.html?nat=italia&wh=romab,romab,inventory only - not a finding of Church recognition; corroboration pending
Italy,"Rosano, 1948",https://www.miracolieucaristici.org/en/liste/scheda.html?nat=italia&wh=rosano,rosano,inventory only - not a finding of Church recognition; corroboration pending
Italy,"S. Peter Damian, XI cent.",https://www.miracolieucaristici.org/en/liste/scheda.html?nat=italia&wh=sanpierdamiani,sanpierdamiani,inventory only - not a finding of Church recognition; corroboration pending
Italy,"Salzano, 1517",https://www.miracolieucaristici.org/en/liste/scheda.html?nat=italia&wh=salzano,salzano,inventory only - not a finding of Church recognition; corroboration pending
Italy,"Scala, 1732",https://www.miracolieucaristici.org/en/liste/scheda.html?nat=italia&wh=sanpierdamiani,sanpierdamiani,inventory only - not a finding of Church recognition; corroboration pending
Italy,"Siena, 1730",https://www.miracolieucaristici.org/en/liste/scheda.html?nat=italia&wh=caterinadasiena,caterinadasiena,inventory only - not a finding of Church recognition; corroboration pending
Italy,"Trani, XI sec.",https://www.miracolieucaristici.org/en/liste/scheda.html?nat=italia&wh=trani,trani,inventory only - not a finding of Church recognition; corroboration pending
Italy,"Turin, 1453",https://www.miracolieucaristici.org/en/liste/scheda_b.html?nat=italia&wh=torinoa,torinoa,inventory only - not a finding of Church recognition; corroboration pending
Italy,"Turin, 1640",https://www.miracolieucaristici.org/en/liste/scheda.html?nat=italia&wh=torinob,torinob,inventory only - not a finding of Church recognition; corroboration pending
Italy,"Veroli, 1570",https://www.miracolieucaristici.org/en/liste/scheda.html?nat=italia&wh=veroli,veroli,inventory only - not a finding of Church recognition; corroboration pending
Italy,"Volterra, 1472",https://www.miracolieucaristici.org/en/liste/scheda.html?nat=italia&wh=volterra,volterra,inventory only - not a finding of Church recognition; corroboration pending
Mexico,"Tixtla, 2006",https://www.miracolieucaristici.org/en/liste/scheda_b.html?nat=messico&wh=tixtla,tixtla,inventory only - not a finding of Church recognition; corroboration pending
Holland,"Alkmaar, 1429",https://www.miracolieucaristici.org/en/liste/scheda.html?nat=olanda&wh=alkmaar,alkmaar,inventory only - not a finding of Church recognition; corroboration pending
Holland,"Amsterdam, 1345",https://www.miracolieucaristici.org/en/liste/scheda_b.html?nat=olanda&wh=amsterdam,amsterdam,inventory only - not a finding of Church recognition; corroboration pending
Holland,"Bergen, 1421",https://www.miracolieucaristici.org/en/liste/scheda.html?nat=olanda&wh=bergen,bergen,inventory only - not a finding of Church recognition; corroboration pending
Holland,"Boxmeer, 1400",https://www.miracolieucaristici.org/en/liste/scheda.html?nat=olanda&wh=boxmeer,boxmeer,inventory only - not a finding of Church recognition; corroboration pending
Holland,"Boxtel-Hoogstraten, 1380",https://www.miracolieucaristici.org/en/liste/scheda.html?nat=olanda&wh=boxtel-hoogstraten,boxtel-hoogstraten,inventory only - not a finding of Church recognition; corroboration pending
Holland,"Breda-Niervaart, 1300",https://www.miracolieucaristici.org/en/liste/scheda.html?nat=olanda&wh=breda-niervaart,breda-niervaart,inventory only - not a finding of Church recognition; corroboration pending
Holland,"Meerssen, 1222-1465",https://www.miracolieucaristici.org/en/liste/scheda.html?nat=olanda&wh=meerssen,meerssen,inventory only - not a finding of Church recognition; corroboration pending
Holland,"Stiphout, 1342",https://www.miracolieucaristici.org/en/liste/scheda.html?nat=olanda&wh=stiphout,stiphout,inventory only - not a finding of Church recognition; corroboration pending
Peru,"Eten, 1649",https://www.miracolieucaristici.org/en/liste/scheda.html?nat=peru&wh=eten,eten,inventory only - not a finding of Church recognition; corroboration pending
Poland,"Krakow, 1345",https://www.miracolieucaristici.org/en/liste/scheda.html?nat=polonia&wh=cracovia,cracovia,inventory only - not a finding of Church recognition; corroboration pending
Poland,"Glotowo, 1290",https://www.miracolieucaristici.org/en/liste/scheda.html?nat=polonia&wh=glotowo,glotowo,inventory only - not a finding of Church recognition; corroboration pending
Poland,"Legnica, 2013",https://www.miracolieucaristici.org/en/liste/scheda_b.html?nat=polonia&wh=legnica,legnica,inventory only - not a finding of Church recognition; corroboration pending
Poland,"Poznan, 1399",https://www.miracolieucaristici.org/en/liste/scheda.html?nat=polonia&wh=poznan,poznan,inventory only - not a finding of Church recognition; corroboration pending
Poland,Sokółka 2008,https://www.miracolieucaristici.org/en/liste/scheda_c.html?nat=polonia&wh=sokolka,sokolka,inventory only - not a finding of Church recognition; corroboration pending
Portugal,"Santarém, 1247",https://www.miracolieucaristici.org/en/liste/scheda_b.html?nat=portogallo&wh=santarem,santarem,inventory only - not a finding of Church recognition; corroboration pending
Spain,"Alboraya-Almacéra, 1348",https://www.miracolieucaristici.org/en/liste/scheda_b.html?nat=spagna&wh=alboraya-almacera,alboraya-almacera,inventory only - not a finding of Church recognition; corroboration pending
Spain,"Alcalà, 1597",https://www.miracolieucaristici.org/en/liste/scheda.html?nat=spagna&wh=alcala,alcala,inventory only - not a finding of Church recognition; corroboration pending
Spain,"Alcoy, 1568",https://www.miracolieucaristici.org/en/liste/scheda.html?nat=spagna&wh=alcoy,alcoy,inventory only - not a finding of Church recognition; corroboration pending
Spain,"Caravaca de la Cruz, 1231",https://www.miracolieucaristici.org/en/liste/scheda.html?nat=spagna&wh=caravaca_de_la_cruz,caravaca_de_la_cruz,inventory only - not a finding of Church recognition; corroboration pending
Spain,"Cimballa, 1370",https://www.miracolieucaristici.org/en/liste/scheda.html?nat=spagna&wh=cimballa,cimballa,inventory only - not a finding of Church recognition; corroboration pending
Spain,"Daroca, 1239",https://www.miracolieucaristici.org/en/liste/scheda_b.html?nat=spagna&wh=daroca,daroca,inventory only - not a finding of Church recognition; corroboration pending
Spain,"Gerona, 1297",https://www.miracolieucaristici.org/en/liste/scheda.html?nat=spagna&wh=gerona,gerona,inventory only - not a finding of Church recognition; corroboration pending
Spain,"Gorkum-El Escorial, 1572",https://www.miracolieucaristici.org/en/liste/scheda.html?nat=spagna&wh=gorkum-el_escorial,gorkum-el_escorial,inventory only - not a finding of Church recognition; corroboration pending
Spain,"Guadalupe, 1420",https://www.miracolieucaristici.org/en/liste/scheda.html?nat=spagna&wh=guadalupe,guadalupe,inventory only - not a finding of Church recognition; corroboration pending
Spain,"Ivorra, 1010",https://www.miracolieucaristici.org/en/liste/scheda_c.html?nat=spagna&wh=ivorra,ivorra,inventory only - not a finding of Church recognition; corroboration pending
Spain,"Moncada, 1392",https://www.miracolieucaristici.org/en/liste/scheda.html?nat=spagna&wh=moncada,moncada,inventory only - not a finding of Church recognition; corroboration pending
Spain,"Montserrat, 1657",https://www.miracolieucaristici.org/en/liste/scheda.html?nat=spagna&wh=montserrat,montserrat,inventory only - not a finding of Church recognition; corroboration pending
Spain,"O'Cebreiro, 1300",https://www.miracolieucaristici.org/en/liste/scheda.html?nat=spagna&wh=ocebreiro,ocebreiro,inventory only - not a finding of Church recognition; corroboration pending
Spain,"Onil, 1824",https://www.miracolieucaristici.org/en/liste/scheda_b.html?nat=spagna&wh=onil,onil,inventory only - not a finding of Church recognition; corroboration pending
Spain,"Ponferrada, 1533",https://www.miracolieucaristici.org/en/liste/scheda.html?nat=spagna&wh=ponferrada,ponferrada,inventory only - not a finding of Church recognition; corroboration pending
Spain,"S. John of the Abbesses, 1251",https://www.miracolieucaristici.org/en/liste/scheda.html?nat=spagna&wh=s_j_de_las_abadeses,s_j_de_las_abadeses,inventory only - not a finding of Church recognition; corroboration pending
Spain,"Silla, 1907",https://www.miracolieucaristici.org/en/liste/scheda.html?nat=spagna&wh=silla,silla,inventory only - not a finding of Church recognition; corroboration pending
Spain,Valencia,https://www.miracolieucaristici.org/en/liste/scheda_b.html?nat=spagna&wh=valencia,valencia,inventory only - not a finding of Church recognition; corroboration pending
Spain,"Zaragoza, 1427",https://www.miracolieucaristici.org/en/liste/scheda.html?nat=spagna&wh=zaragoza,zaragoza,inventory only - not a finding of Church recognition; corroboration pending
Switzerland,"Ettiswil, 1447",https://www.miracolieucaristici.org/en/liste/scheda_b.html?nat=svizzera&wh=ettiswil,ettiswil,inventory only - not a finding of Church recognition; corroboration pending
Venezuela,"Betania, 1991",https://www.miracolieucaristici.org/en/liste/scheda.html?nat=venezuela&wh=betania,betania,inventory only - not a finding of Church recognition; corroboration pending
