0	Geschichte
1	Das Leben des heiligen Charbel Makhlouf
2	Der heilige Charbel Makhlouf (1828-1898) war ein libanesischer maronitischer Mönch und Priester. Als Youssef in Bekaa Kafra geboren, trat er mit 23 Jahren in den Libanesischen Maronitischen Orden ein. Von 1875 an lebte er 23 Jahre als Einsiedler in Annaya und starb an Heiligabend 1898. Paul VI. sprach ihn 1965 selig und am 9. Oktober 1977 heilig.
3	Heiliger Charbel: Fakten und Wegweiser
4	bietet neben dieser ausführlichen Lebensgeschichte einen kurzen Einstieg.
5	Teil der
6	Enzyklopädie des heiligen Charbel
7	. Entdecken Sie alle Themen, von seinem Grab bis zu seiner Novene.
8	Auf einen Blick
9	Geboren
10	Youssef Antoun Makhlouf, 1828, Bekaa Kafra, Libanongebirge. Der 8. Mai ist das traditionell überlieferte Datum (siehe
11	Hinweise zu den Datumsangaben
12	)
13	Eintritt ins Kloster
14	1851, mit 23 Jahren (Kloster Unserer Lieben Frau von Mayfouq)
15	Ordensgelübde
16	1. November 1853 (Kloster des heiligen Maron, Annaya)
17	Priesterweihe
18	1859 in Bkerke
19	Einsiedler
20	1875 bis 1898, Einsiedelei der heiligen Petrus und Paulus oberhalb von Annaya
21	Gestorben
22	24. Dezember 1898
23	Seliggesprochen
24	5. Dezember 1965 (Paul VI., Petersdom, drei Tage vor dem Ende des Zweiten Vatikanischen Konzils)
25	Heiliggesprochen
26	9. Oktober 1977 (Paul VI., Petersdom)
27	Gedenktag
28	24. Juli (römischer Kalender, nicht gebotener Gedenktag). Dritter Sonntag im Juli (maronitischer Kalender). Der 24. Dezember ist sein Todestag
29	Grab
30	Kloster des heiligen Maron, Annaya, Bezirk Jbeil
31	Orden
32	Libanesischer Maronitischer Orden
33	In einer Minute
34	Das bekannteste Foto des heiligen Charbel, aufgenommen vor 1898.
35	Fotograf unbekannt; laut
36	Wikimedia Commons
37	gemeinfrei.
38	Von ihm sind keine Schriften erhalten. Er bekleidete kein Amt und gründete nichts. Die letzten 23 Jahre seines Lebens verbrachte er in einer steinernen Einsiedelei oberhalb eines Bergklosters. Die Kirche ehrte ihn nicht für ein Programm. Sie ehrte ein Leben, das von drei Gelübden - Armut, Keuschheit und Gehorsam -, der täglichen Messe und dem Schweigen geprägt war.
39	Paul VI. sagte dies 1977 in seiner Predigt zur Heiligsprechung ausdrücklich: Dieses Leben ist hart. Der Schlüssel dazu ist das Streben, dem demütigen und armen Christus ähnlich zu werden, mit der Messe im Mittelpunkt.
40	1. Die Welt, in die er geboren wurde (1828-1851)
41	Charbel wurde unter der Herrschaft osmanischer Statthalter und libanesischer Emire geboren. Das Libanongebirge war eine Gesellschaft von Bergdörfern, Terrassenfeldern, Seidenwebereien und Klöstern. Die Herrschaft wurde aus der Ferne ausgeübt; zu den Abgaben gehörten Frondienste. Bekaa Kafra, sein Heimatdorf, ist eines der höchstgelegenen Dörfer des Libanon. Es liegt am Rand des Qadisha-Tals, wo seit Jahrhunderten christliche Einsiedler lebten.
42	Bekaa Kafra im Winter: das Bergdorf, in dem Youssef Makhlouf geboren wurde.
43	Foto: Potatoes8895,
44	Wikimedia Commons
45	,
46	CC BY-SA 3.0
47	.
48	Er wurde auf den Namen Youssef getauft und war das jüngste von fünf Kindern von Antoun Zaarour Makhlouf und Brigitta Chidiac. Den traditionellen Lebensbeschreibungen zufolge wurde sein Vater, ein Maultiertreiber, zum Frondienst verpflichtet. Er starb 1831 auf dem Heimweg, als Youssef drei Jahre alt war. Seine Mutter heiratete später Lahoud Ibrahim, der unter dem Namen Abdel-Ahad Priester wurde. Die maronitische Tradition erlaubt die Weihe verheirateter Männer. Youssef wuchs damit auf, seinem Stiefvater bei der Messe zu dienen.
49	Er besuchte die Dorfschule, lernte Arabisch und Syrisch und hütete etwa ab seinem zehnten Lebensjahr die Tiere der Familie. Der Überlieferung nach betete er in einer Grotte nahe den Weiden, die die Dorfbewohner später die Grotte des Heiligen nannten. Zwei Brüder seiner Mutter lebten als Einsiedler in Qozhaya im Qadisha-Tal. Er besuchte sie, und ihr Beispiel bestimmte seinen Wunsch. Seine Mutter und sein Onkel Tanios, sein Vormund, waren dagegen; seine Mutter wollte, dass er heiratete.
51	Charbels Libanon, 1828-1898
52	Charbel erlebte ein schwieriges Jahrhundert für das Libanongebirge. Osmanische Statthalter und örtliche Emire herrschten über eine Bevölkerung, die überwiegend aus maronitischen und drusischen Dorfbewohnern bestand. Frondienste, hohe Abgaben und Rivalitäten zwischen Familien und Gemeinschaften gehörten zum Alltag. 1860 wurde aus dem Konflikt zwischen Maroniten und Drusen ein Bürgerkrieg, der sich nach Damaskus und in die Bekaa ausbreitete. 1861 richtete der osmanische Staat auf Druck europäischer Mächte das Mutesarriflik Libanongebirge ein, ein von einem Christen regiertes Gebiet. Charbel trat vor diesen Ereignissen ins Kloster ein und lebte während der Jahre dieser neuen Ordnung als Einsiedler.
53	In dieser Welt war der Libanesische Maronitische Orden eine beständige Einrichtung. 1695 wurde er unter einer gemeinsamen Regel vereint. Nach Angaben des Maronite Research Institute (MARI) zählte er zu Charbels Zeit mehr als 1.000 Mönche unter rund 300.000 Maroniten. Ein Kloster war ein landwirtschaftlicher Betrieb, eine Schule, ein Ort des Gebets und eine Zuflucht. Deshalb konnte ein Dorfjunge dorthin gehen und Priester werden: Dieser Weg stand ihm offen.
54	2. Der Mönch (1851-1875)
55	Ein neuer Name
56	Als Novize nahm er den Namen Charbel an, nach einem Märtyrer der Kirche von Antiochien. Die maronitische Kirche führt ihre Wurzeln auf Antiochien zurück. Der Name war daher ein bewusstes Zeichen der Zugehörigkeit.
57	Gelübde
58	Sein Noviziat begann in Mayfouq und wurde im Kloster des heiligen Maron in Annaya fortgesetzt. Am 1. November 1853 legte er während der Messe in Gegenwart des Oberen, des Novizenmeisters und der Gemeinschaft seine Gelübde des Gehorsams, der Keuschheit und der Armut bis zum Tod ab. Angehörige und die Öffentlichkeit waren nicht zugelassen.
59	Das Kloster des heiligen Maron in Annaya, wo Charbel seine Gelübde ablegte und den größten Teil seines Erwachsenenlebens verbrachte.
60	Foto: Paul Saad,
61	Wikimedia Commons
62	,
63	CC BY-SA 4.0
64	(verkleinert).
65	Studium
66	Anschließend wurde er zum Studium der Philosophie und Theologie in das Kloster der heiligen Cyprian und Justina in Kfifan geschickt, die wichtigste theologische Ausbildungsstätte des Ordens. Das Studium dauerte etwa sechs Jahre, bis 1859. Einer seiner Lehrer war Nimatullah Kassab Al-Hardini, ein reformorientierter Mönch, der sein geistlicher Begleiter wurde.
67	Der heilige Nimatullah
68	wurde 1998 selig- und am 16. Mai 2004 heiliggesprochen. Charbel wurde also vor ihm heiliggesprochen.
69	Priestertum
70	1859 wurde er in Bkerke, dem Sitz des maronitischen Patriarchen, zum Priester geweiht. Die Quellen nennen nur das Jahr mit Sicherheit. Deshalb geben wir das Jahr an, nicht den Tag.
71	Sechzehn gewöhnliche Jahre
72	Nach seiner Weihe lebte er 16 Jahre in Annaya als Mönch unter Mönchen. Paul VI. nennt diese Zahl in der Predigt zur Heiligsprechung und sagt, dass auf diese 16 Jahre des Gemeinschaftslebens 23 Jahre vollständiger Einsamkeit folgten. Das klösterliche Leben jener Zeit war
73	ora et labora
74	: Er bearbeitete das Land des Klosters, pflanzte und erntete gemeinsam mit den anderen Mönchen. Kein Bericht beschreibt ihn als Amtsträger. Seine Mitbrüder erinnerten sich daran, wie vollständig er die Regel hielt.
75	3. Der Einsiedler (1875-1898)
76	1875, mit 47 Jahren, erhielt er die Erlaubnis, in der Einsiedelei der heiligen Petrus und Paulus zu leben, einen kurzen Fußweg bergauf vom Kloster entfernt (
77	die Einsiedelei
78	). Sie war 1798 als Kloster erbaut worden und wurde 1829 zur Einsiedelei, als der Orden seine Gemeinschaft in das nahe gelegene Kloster des heiligen Maron verlegte. Zu den früheren Einsiedlern dort gehörte Alisha Al-Hardini, der Bruder von Charbels Lehrer Nimatullah.
79	Die Vorderseite der Einsiedelei der heiligen Petrus und Paulus oberhalb des Klosters in Annaya.
80	Foto: saintcharbel.com.
81	Dies war kein Leben nach eigenem Ermessen. Ein Einsiedler des Ordens lebte nach schriftlichen Regeln. Er durfte die Einsiedelei nicht ohne Zustimmung des Oberen verlassen, musste schweigen, außer wenn es notwendig war, durfte weder Fleisch essen noch Wein trinken, höchstens fünf Stunden schlafen und erhielt täglich eine Mahlzeit aus dem Kloster. Die Berichte des Ordens ergänzen die Aufzeichnungen seiner Gefährten: ein Bußhemd, ein hartes Lager aus Ziegenhaar auf dem Boden, ein in Stoff gewickelter Holzklotz als Kopfkissen und die Reste der Mahlzeiten seiner Gefährten. Einige der strengeren Übungen sind aus deren Zeugenaussagen bekannt, nicht aus amtlichen Dokumenten.
82	Sein Tag war um die Eucharistie geordnet: Anbetung, Messe, dann Handarbeit auf dem kleinen Grundstück, Fasten und Gebet. Paul VI. beschrieb 1977 den Sinn dahinter deutlich. Die Strenge war ein Mittel. Das Ziel war die Vereinigung mit Christus. Der Papst stellte klar, dass dieser Weg nicht allen vorgeschlagen wird. Er fügte hinzu, dass solche Lebensformen die ganze Kirche an etwas erinnern, von dem niemand ausgenommen ist.
83	Nach der Erinnerung der Dorfbewohner kamen dennoch Menschen den Hügel hinauf, um Segen und Gebet zu erbitten. Es gibt traditionelle Berichte über Heilungen zu seinen Lebzeiten. Sie gehören zur mündlichen und klösterlichen Überlieferung und waren nicht die Grundlage des kirchlichen Urteils.
84	Ein Tag in der Einsiedelei
85	Nacht und früher Morgen: Gebet und Anbetung der Eucharistie.
86	Messe mit langer Danksagung danach.
87	Handarbeit auf dem kleinen Grundstück.
88	Eine Mahlzeit, aus dem Kloster gebracht.
89	Wenig Schlaf (die Regel erlaubte höchstens fünf Stunden).
90	Die Einsiedelei nur mit Erlaubnis des Oberen verlassen.
91	Dies ist die Regel, unter der er lebte, wie MARI sie beschreibt. Berichte darüber, wie weit er darüber hinausging, stammen von seinen Gefährten und sind Zeugnisse der Frömmigkeit.
92	4. Dezember 1898
93	Der Schlaganfall
95	Tod
96	Acht Tage später, an Heiligabend, starb er. Dabei sprach er die Namen Jesu, Marias und Josefs aus.
97	Begräbnis
98	Sein Leichnam blieb über Nacht in der Kirche der Einsiedelei, während die Mönche Totenwache hielten. Am Weihnachtsmorgen trug ihn eine kleine Prozession aus Mönchen und Bewohnern der Nachbardörfer auf einer Trage aus drei Brettern durch den Schnee hinunter zum Kloster. In der Klosterkirche fand die Trauerfeier statt. Am nächsten Morgen wurde er auf dem Klosterfriedhof begraben, wie jeder Mönch des Ordens: ohne Sarg, in seinem Ordensgewand, in einer Grube, in der bereits die Gebeine früherer Mönche lagen. Wasser tropfte hinein. Einige baten um einen Sarg oder ein eigenes Grab, doch der verantwortliche Mönch lehnte jede Ausnahme ab.
99	Das eine beglaubigte Zeugnis
101	5. Das Grab (ab 1899)
102	Das Grab des heiligen Charbel in der Klosterkirche in Annaya.
103	Foto: LLEW,
104	Wikimedia Commons
105	,
106	CC BY-SA 4.0
107	(verkleinert).
108	Berichte über ein Licht.
109	Mönche und Dorfbewohner berichteten nach der Beisetzung von einem Licht über dem Grab. Den Berichten des Ordens zufolge erregte es Aufmerksamkeit, auch bei einer osmanischen Patrouille. Der Obere bat die kirchlichen Behörden um Erlaubnis, das Grab zu öffnen. Dies ist eine überlieferte Erzählung, und wir kennzeichnen sie als solche.
110	April 1899.
111	Das Grab wurde am 15. April 1899 geöffnet, vier Monate nach der Beisetzung. Zeugen, die später im kirchenrechtlichen Verfahren aussagten, beschrieben einen unversehrten und beweglichen Leichnam in einem überfluteten, schlammigen Grab. Sie berichteten von einer blutähnlichen Feuchtigkeit, die über Jahrzehnte weiter ausgetreten sei.
112	Spätere Untersuchungen.
113	Im 20. Jahrhundert wurde das Grab mehrfach geöffnet und der Leichnam untersucht. Santi e Beati, eine Sekundärquelle, berichtet, dass 1950 eine feuchte Flüssigkeit an der Grabwand bemerkt wurde. Daraufhin sei das Grab am 25. Februar in Gegenwart der gesamten Klostergemeinschaft und am 22. April erneut durch die kirchlichen Behörden mit einer Kommission aus drei Ärzten geöffnet worden. MARI berichtet von acht Öffnungen zwischen 1950 und 1975 in Gegenwart von Ärzten und Kirchenvertretern und gibt an, dass die Feuchtigkeit ab 1899 über 67 Jahre ausgetreten sei. Andere Quellen berichten unter Berufung auf den Postulator, dass der Leichnam 1976 vollständig verwest vorgefunden worden sei. Die Berichte unterscheiden sich, und wir benennen das. Aussagen, es gebe dafür keine medizinische Erklärung, machen wir nicht in eigenem Namen. Es sind Aussagen des Ordens und von Zeugen.
114	Mit Sicherheit lässt sich sagen: Schon in den ersten Wochen kamen Pilger. Die Kirche führte in den folgenden Jahrzehnten Untersuchungen durch. Die Verehrung am Grab bildete zusammen mit den im nächsten Abschnitt beschriebenen Heilungen eine Grundlage des Verfahrens. Siehe auch
115	das Grab
116	und
117	seine Reliquien
118	.
119	6. Vom Grab zur Ehre der Altäre: das Verfahren
120	Die Kirche spricht einen Menschen nicht aufgrund seines Grabes heilig. In Charbels Verfahren untersuchte sie sein Leben und seine Tugenden sowie die Wunder, die für seine Selig- und Heiligsprechung anerkannt wurden.
121	Eröffnung des Verfahrens
122	In den 1920er-Jahren (die Quellen nennen unterschiedliche Jahre)
123	Seligsprechung
124	5. Dezember 1965 - Paul VI., Petersdom, drei Tage vor dem Ende des Zweiten Vatikanischen Konzils
125	Heiligsprechung
126	9. Oktober 1977 - Paul VI., Petersdom, in Gegenwart von Patriarch Antoine Pierre Khoraiche und einer Delegation der libanesischen Regierung
127	MARI nennt die beiden für die Seligsprechung anerkannten Heilungen: die von Schwester Maria Abel Kamari aus der Kongregation der Heiligsten Herzen und die von Iskandar (Alessandro) Obeid, der auf einem Auge sein Sehvermögen verloren hatte. Nach Santi e Beati, nicht nach MARI, wurde eine dritte Heilung für die Heiligsprechung anerkannt: die einer Frau namens Awad in den 1960er-Jahren. Sekundärquellen widersprechen einander hinsichtlich des Vornamens, des Datums und der Erkrankung. Deshalb nennen wir diese Angaben hier nicht.
130	7. Nach der Heiligsprechung
131	Der Eintrag im Römischen Martyrologium für den 24. Dezember beschreibt Charbel Makhlouf als Priester des Libanesischen Maronitischen Ordens. Er zog sich vom Kloster in eine Einsiedelei zurück, um in strenger Einsamkeit zu leben, und entschlief am 24. Dezember im Herrn.
132	Von MARI zitierte Klosteraufzeichnungen geben an, dass Annaya bis 1977 insgesamt 135.000 Briefe aus 95 Ländern erhalten hatte.
133	Am 22. jedes Monats versammeln sich Pilger in Annaya zur Messe und zum Gebet. Eine Überlieferung geht auf einen berichteten Traum von Nohad El Shami im Jahr 1993 zurück. Die Frau sagte, sie sei geheilt worden; der Heilige habe sie gebeten, die Einsiedelei am 22. zu besuchen. Dies ist ein berichtetes privates Erlebnis, keine kirchliche Erklärung. Siehe
134	den 22. des Monats
135	.
137	8. Was die Kirche sagt und was Überlieferung ist
138	Geburt, Ordenseintritt, Gelübde, Weihe, Einsiedelei, Tod
139	In kirchlichen Quellen dokumentiert (Predigt Pauls VI. von 1977, Römisches Martyrologium)
140	Daten der Selig- und Heiligsprechung
141	Vatikanische Aufzeichnungen
142	Unverwester Leichnam, blutähnliche Feuchtigkeit, Licht über dem Grab
143	In Berichten des Ordens und von Zeugen überliefert. Die Kirche untersuchte diese Berichte. Sie sprach ihn nicht auf dieser Grundlage heilig
144	Von der Kirche anerkannte Wunder
145	Zwei für die Seligsprechung und eines für die Heiligsprechung. Sekundärquellen widersprechen einander bei den Einzelheiten des Wunders für die Heiligsprechung
146	Heilungen, Erscheinungen, Visionen, die Überlieferung vom 22. des Monats
147	Berichte aus der Frömmigkeit, keine kirchlichen Erklärungen
148	Annaya besuchen
149	Annaya liegt im Bezirk Jbeil. Die Fahrt von Beirut dauert ungefähr 90 Minuten. Das Grab befindet sich in der Klosterkirche; die Einsiedelei liegt einen kurzen Fußweg bergauf. Das Kloster ist täglich das ganze Jahr über für Besucher geöffnet, der Eintritt ist frei. Der 22. jedes Monats ist der besucherstärkste Tag. Leo XIV. beschrieb Tausende Pilger aus verschiedenen Ländern, die an diesem Tag kommen. Planen Sie Ihren Besuch mit
150	Annaya besuchen
151	, entdecken Sie
152	die Einsiedelei
153	oder gehen Sie durch den
154	Online-Rundgang durch Annaya
155	.
156	Namen und Schreibweisen
157	Charbel, Sharbel, Sarbel und Charbelle sind gebräuchliche Schreibweisen. Die syrische Form lautet Mar Sharbel; Mar ist die Ehrenbezeichnung für einen Heiligen. Vatikanische Dokumente verwenden Makhlouf, Makhluf und Maklūf. In Lateinamerika heißt er San Charbel. Sein Taufname war Youssef (Josef).
158	Hinweise zu den Datumsangaben
159	Geburtsdatum.
160	Der 8. Mai 1828 ist das traditionell überlieferte Datum. Santi e Beati bezeichnet den 8. Mai als wahrscheinlich und nicht gesichert. MARI schreibt um 1828 und weist darauf hin, dass keine beglaubigte Geburtsurkunde gefunden wurde.
161	Priesterweihe.
162	1859. Einige Quellen nennen den 23. Juli, doch der Vatikan und MARI geben nur das Jahr an.
163	Alter beim Tod.
164	70 nach der Berechnung und der Predigt Pauls VI.; 68 im Sterbeeintrag des Klosters selbst.
165	Jahre in der Gemeinschaft.
166	16 Jahre nach der Priesterweihe, wie Paul VI. sagt. Die Rubrik Heiliger des Tages des Vatikanstaats nennt 15.
167	Weiterlesen
168	Wunder des heiligen Charbel
169	Eucharistische Wunder
170	Briefe an den heiligen Charbel
171	Die Einsiedelei
172	Annaya besuchen
173	Gebete
174	Novene
175	Gedenktag
176	Galerie
177	Der heilige Nimatullah, sein Lehrer
178	Die heilige Rafqa, seine Zeitgenossin
179	Der heilige Maron
180	Die maronitische Kirche
181	Bekaa Kafra, sein Geburtsort
182	Englisch
183	Arabisch (nicht verfügbar)
184	Französisch (nicht verfügbar)
185	Spanisch (nicht verfügbar)
186	Portugiesisch (nicht verfügbar)
187	Italienisch (nicht verfügbar)
188	Deutsch (nicht verfügbar)
189	Polnisch (nicht verfügbar)
190	Einige Übersetzungen sind für diese Seite nicht verfügbar.
191	Häufige Fragen
192	Wer war der heilige Charbel?
193	Ein libanesischer maronitischer Mönch und Priester (1828-1898), der 23 Jahre als Einsiedler in Annaya lebte. Paul VI. sprach ihn 1977 heilig.
194	Wann wurde der heilige Charbel geboren?
195	Traditionell wird der 8. Mai 1828 in Bekaa Kafra genannt. Kein beglaubigter Geburtseintrag belegt den genauen Tag.
196	Wo lebte der heilige Charbel?
197	Er lebte im Kloster Unserer Lieben Frau von Mayfouq (Noviziat), im Kloster des heiligen Maron in Annaya (Gelübde und anschließend Gemeinschaftsleben), im Kloster der heiligen Cyprian und Justina in Kfifan (Studium) und von 1875 bis 1898 in der Einsiedelei der heiligen Petrus und Paulus oberhalb von Annaya.
198	Wie starb der heilige Charbel?
199	Er erlitt am 16. Dezember 1898 während der Feier der göttlichen Liturgie einen Schlaganfall und starb acht Tage später, am 24. Dezember.
200	Wann wurde der heilige Charbel heiliggesprochen?
201	Am 9. Oktober 1977 durch Paul VI., nach seiner Seligsprechung am 5. Dezember 1965.
202	Hat der heilige Charbel etwas geschrieben?
203	Papst Leo XIV. bezeichnete ihn bei seinem Gebet am Grab am 1. Dezember 2025 als einen Mann, der nichts geschrieben hat.
204	Ist der Leichnam des heiligen Charbel wirklich unverwest?
205	Berichte des Ordens und von Zeugen besagen, dass der Leichnam über Jahrzehnte unversehrt vorgefunden worden sei und eine blutähnliche Feuchtigkeit aus ihm ausgetreten sei. Die Berichte über spätere Untersuchungen unterscheiden sich. Die Kirche sprach ihn wegen seines Lebens und einer anerkannten Heilung heilig, nicht wegen des Zustands seines Grabes.
206	Warum wurde der heilige Charbel Einsiedler?
207	Nach seiner Weihe lebte er 16 Jahre in der Gemeinschaft in Annaya. 1875 erlaubten ihm seine Oberen, in der Einsiedelei der heiligen Petrus und Paulus zu leben. Dort lebte er bis zu seinem Tod nach schriftlichen Regeln.
208	Warum gibt es zwei Gedenktage?
209	Der 24. Juli ist im römischen Kalender ein nicht gebotener Gedenktag. Der maronitische Kalender begeht das Fest am dritten Sonntag im Juli. Der 24. Dezember ist sein Todestag.
210	Quellen
211	Paul VI., Predigt zur Heiligsprechung von Charbel Makhlouf, 9. Oktober 1977 (französisches Original)
212	Paul VI., Ansprache zur Seligsprechung von Charbel Makhlouf, 5. Dezember 1965
213	Papst Leo XIV., Besuch und Gebet am Grab des heiligen Charbel, Annaya, 1. Dezember 2025
214	Dikasterium für die Selig- und Heiligsprechungsprozesse, Eintrag zur Heiligsprechung von 1977 (mit dem Text des Römischen Martyrologiums)
215	Guita G. Hourani, "Saint Sharbel: The Passage to Sainthood", Maronite Research Institute (MARI), 1998 - zitiert den Sterbeeintrag des Klosters, die Regeln für Einsiedler, die eingegangenen Briefe und die Öffnungen des Grabes
216	Santi e Beati, "San Charbel (Giuseppe) Makhluf"
217	Vatikanstaat, Heiliger des Tages, 24. Juli: Heiliger Charbel Makhlouf
218	P. Mansour Awad, "Three Lights from the East" (1952), Auszüge auf charbel.org
219	Wikipedia, Charbel Makhlouf (nur zum Abgleich von Datumsangaben verwendet)
220	Wikipedia, Mutesarriflik Libanongebirge (politischer Kontext: Konflikt von 1860, Neuordnung von 1861)
136	Am 1. Dezember 2025 betete Papst Leo XIV. am Grab in Annaya und brachte eine Lampe als Geschenk mit. Über Charbel sagte er: "Was ist das Vermächtnis dieses Mannes, der nichts geschrieben hat, der zurückgezogen und schweigsam lebte, dessen Ruhm sich aber in der ganzen Welt verbreitet hat?"
