book,page,attempt,outcome,path
marina,1,1,launched,
marina,1,1,accepted-pixel-inspected,/downloads/marina-p01-historical-oct01.png
jude,01,1,launched,
jude,02,1,launched,
jude,03,1,launched,
jude,01,1,accepted-pixel-inspected,/downloads/jude-p01-oct01.png
jude,02,1,accepted-pixel-inspected,/downloads/jude-p02-oct01.png
jude,03,1,accepted-pixel-inspected,/downloads/jude-p03-oct01.png
jude,04,1,launched,
jude,05,1,launched,
jude,06,1,launched,
jude,04,1,accepted-pixel-inspected,/downloads/jude-p04-oct01.png
jude,05,1,accepted-pixel-inspected,/downloads/jude-p05-oct01.png
jude,06,1,accepted-pixel-inspected,/downloads/jude-p06-oct01.png
jude,07,1,launched,
jude,08,1,launched,
jude,09,1,launched,
jude,07,1,rejected-pseudo-signature,/downloads/jude-p07-oct01.png
jude,08,1,accepted-pixel-inspected,/downloads/jude-p08-oct01.png
jude,09,1,accepted-pixel-inspected,/downloads/jude-p09-oct01.png
jude,07,2,launched,
jude,07,2,accepted-pixel-inspected,/downloads/jude-p07-clean-oct01.png
